Energy_Sources,Negative_Outcomes,Positive_Outcomes,Response_to_Stress,Stressors,Wellbeing
0.017897796125447285,0.06438161044244373,0.03680337053821836,-0.28552474771672887,-0.03685829333224122,0.17900297730871095
-0.07130594871812901,-0.1018674190698644,0.01761261020475613,-0.7987220065931615,0.01673949432744093,0.015188626407752093
-0.011233702234741183,-0.1418406947950539,0.06536556900833013,-0.2019635395989825,0.05407357584803607,0.35040439301769943
-0.10014217287837668,0.12983013171248475,-0.019387196672953133,-0.4579441527524475,0.12693525851009335,-0.15905059548237688
-0.05404893781735798,0.026638625831869378,-0.03975936946679076,0.8000153207865288,-0.08457408361438878,-0.14105661259730606
,,,,,
,,,,,
-0.030443285589088376,0.26416863096769666,-0.07342093801565613,0.6908565966232276,-0.06339568699638742,-0.34419599523875366
,,,,,
0.004560173427472836,-0.16767036422673964,0.07617897427082676,-0.5495879417467526,-0.019451568371114725,0.37492533532149297
-0.02053095417053108,0.014108644678958504,-0.0017325856030001585,0.3508473240020058,-0.2613618235444246,0.027488126751862296
,,,,,
0.10353350398537531,-0.176650163436038,0.08683853113539897,-0.4180134060028011,0.09277730646508975,0.4495790845650305
,,,,,
,,,,,
,,,,,
,,,,,
0.10276309896767555,-0.1622393642817871,0.06777451229044373,-0.7007762582020665,0.2874606406989316,0.31101433699914205
,,,,,
,,,,,
0.11086977474637527,-0.13131569752727856,0.07214623360877837,0.3489295717287042,-0.020416336841151517,0.44762309078299634
,,,,,
,,,,,
,,,,,
0.04069005119099445,-0.028918223094617557,0.020142662957230106,0.6529489976432303,0.10360970281083626,0.1841060903191578
,,,,,
,,,,,
,,,,,
,,,,,
0.13419047302129294,-0.04764268378786529,0.013177209734746453,-0.14063012117752294,-0.12636559042229667,0.060003408946094794
,,,,,
,,,,,
,,,,,
,,,,,
,,,,,
,,,,,
-0.16762125269478922,0.1308245938323474,-0.09634703247439425,0.9877980665541506,-0.04855875449739555,-0.44302791814736153
,,,,,
-0.12927852092977588,0.31467317683215423,-0.12172098612936844,0.37710407783830147,-0.3604860608685865,-0.6524000128444261
-0.08082545595057367,-0.010207617099312394,-0.041593328852660316,-0.327265116615602,-0.0012258781849915357,-0.2714839770137809
,,,,,
,,,,,
,,,,,
,,,,,
,,,,,
,,,,,
-0.06712134916571988,-0.08277466127371735,0.020620902235812477,-0.13930865058635034,0.09660249317911773,0.10249552068597545
-0.06624336197931757,0.04186265247509707,-0.03799335835841766,1.302666589216882,0.03149884060414221,-0.07750424667308309
0.07034483833119587,-0.1776962027250325,0.07711613153397001,-0.8037812658178938,0.12133753542702885,0.3531998555069178
,,,,,
,,,,,
,,,,,
,,,,,
,,,,,
0.15823477153799947,-0.22029484513217423,0.11939926127389999,-0.4826634696677763,-0.05693901980953209,0.6279541574851621
,,,,,
,,,,,
,,,,,
,,,,,
,,,,,
,,,,,
0.12218962366561104,-0.16125305619630748,0.06763974164328945,-0.677327126134619,0.2450180410087709,0.31274358273483127
,,,,,
,,,,,
,,,,,
,,,,,
,,,,,
,,,,,
,,,,,
,,,,,
,,,,,
,,,,,
,,,,,
,,,,,
,,,,,
,,,,,
,,,,,
,,,,,
,,,,,
,,,,,
,,,,,
,,,,,
,,,,,
-0.03670446409227823,-0.05054657792202477,0.006305715900055797,0.2643155587325008,-0.2987040328084116,0.06401180863359901
,,,,,
,,,,,
,,,,,
,,,,,
,,,,,
,,,,,
,,,,,
,,,,,
-0.03500804951931513,-0.06414840752532569,4.268658319317442e-05,-0.3561719057583823,0.20087717112776826,-0.03766970729597441
,,,,,
,,,,,
,,,,,
0.04287176344835553,0.014490455300304683,-0.012312871186022645,-0.025220145588351395,-0.11635436761493156,-0.07273955496959594
,,,,,
,,,,,
0.05489424375913132,0.013811973926103227,-0.04087996915145664,0.3899553104457689,-0.40160889537205824,-0.19108102231018664
-0.13770454709826607,-0.04915984350356217,-0.00218311891254952,-0.006326368001546623,-0.17552848743915728,-0.013094426954959548
,,,,,
0.13338029491895276,-0.21071805191424908,0.11994002062287146,-0.18732477550496673,0.30064795991159965,0.6624680574559774
,,,,,
0.06491236015467405,-0.04548064651338146,0.04741314721792056,0.43413861950994037,0.09010482553125831,0.3159723785178863
,,,,,
,,,,,
,,,,,
,,,,,
-0.08706444428639581,-0.05427484813707317,-0.01600537958548337,-0.6591551861971212,0.3424362055764141,-0.1612273206608239
-0.08970716645851506,-0.08793213409170408,0.03284021756555999,0.15930687900985352,-0.047401008970247016,0.2038042446999886
-0.1839769648503723,0.0289023640026162,0.018555998041306254,-0.7009113427568701,0.0883099606392872,0.03096751938480935
,,,,,
,,,,,
,,,,,
,,,,,
,,,,,
,,,,,
,,,,,
,,,,,
-0.11020252211447712,-0.0741160667701567,0.010197364654506713,-0.2714911410092973,0.26687182241785945,0.029119907413570623
-0.3140180839040857,0.46168650074970136,-0.21980048977838412,0.2792972237129836,-0.22807023569873675,-1.2208417369155247
-0.010552033878355349,0.05075259734842652,-0.010596753700225392,1.0809428037643396,-0.2327066937775546,0.05476949653791907
,,,,,
,,,,,
0.024449617505750476,-0.14835620195881072,0.0950739245568073,-0.04250708941455694,-0.22698170722710564,0.53640559426485
,,,,,
,,,,,
,,,,,
,,,,,
-0.09968064843677693,-0.01868535961768969,-0.02650049005961591,-0.019064136457688896,-0.19955711828157252,-0.1528058056898427
,,,,,
,,,,,
,,,,,
,,,,,
,,,,,
0.05112882904966265,-0.13824941696201976,0.06321814764733658,-0.17718854036160092,0.2774029589259597,0.340823642543318
0.08576684800115175,-0.10896014750940686,0.026714470961155756,-0.6698345744627512,0.2794360081313756,0.08069371882033893
,,,,,
0.17088467565665044,-0.1616165949566546,0.08656658751574076,0.004604238449904985,0.24588651904969672,0.49301720674571925
,,,,,
,,,,,
,,,,,
,,,,,
,,,,,
,,,,,
,,,,,
,,,,,
,,,,,
,,,,,
,,,,,
,,,,,
,,,,,
,,,,,
,,,,,
,,,,,
,,,,,
,,,,,
0.12946820389239455,-0.18900018713932398,0.09068019893101475,-0.6328270135912013,0.09794165425751411,0.44857079402103395
0.002289455560765985,-0.06297113918283181,0.006682143872947022,-0.0794099253456797,-0.09714507496695879,0.02956580244488549
,,,,,
,,,,,
,,,,,
,,,,,
,,,,,
,,,,,
0.04559772818492236,-0.22638813215234554,0.1220183989318957,-0.5621730702704402,-0.08168733364714076,0.634392570594617
0.1024380990591558,-0.23988005344511054,0.14351093823733574,-0.16412964804599461,0.13095362100344599,0.7990455620653294
0.004465712148058243,-0.10188592965473009,0.038123492217547406,-0.04891500478956767,0.10700264405020887,0.2116997381879684
0.13842462255950205,-0.17020320990607263,0.08080044389058494,-0.45340140612836133,0.24793132894090097,0.4114580715587288
,,,,,
,,,,,
,,,,,
,,,,,
,,,,,
,,,,,
,,,,,
,,,,,
0.04339800721102571,-0.08388590585083233,0.011151364676823317,-0.5177023555150304,0.3332814898424799,0.008339908199029633
,,,,,
,,,,,
,,,,,
,,,,,
0.19818449625760803,-0.25515998240554294,0.1807837425594323,-0.7200053034873795,0.251038544857889,0.951942024127177
,,,,,
,,,,,
,,,,,
,,,,,
,,,,,
,,,,,
,,,,,
,,,,,
,,,,,
,,,,,
,,,,,
-0.0194080859750958,0.22959228400061238,-0.10398675325830803,-0.6823179062262075,0.5063376475777129,-0.6642695097916587
,,,,,
0.09053675788181226,-0.2564657950149939,0.16775202273967293,-1.2343109609786143,0.18934871053143332,0.8230520144098707
,,,,,
,,,,,
,,,,,
,,,,,
,,,,,
,,,,,
,,,,,
-0.1904394387663848,-0.030298031728266617,-0.011516454844633928,-1.2847997433382672,0.4052453703003332,-0.20228372997523536
,,,,,
,,,,,
,,,,,
,,,,,
-0.07171434244754793,-0.19935881987777193,0.0974232629842039,-0.6842012784172005,0.056654715759681396,0.48146745106585564
,,,,,
,,,,,
,,,,,
,,,,,
,,,,,
0.014312802923153622,-0.18312243090570413,0.08482532850232316,-0.6778901912732709,0.20773122689075252,0.41046233647096964
,,,,,
,,,,,
,,,,,
,,,,,
,,,,,
,,,,,
,,,,,
,,,,,
-0.0003206925517202919,-0.06781785905193893,0.016979034823511707,-0.5820570466446562,0.03354463688916742,0.034646666487376354
0.032819344148600105,-0.01707723205955508,0.014688158602802481,0.0542374819610969,0.09882028554569211,0.08934267012054287
0.03380884916439697,0.015240438097174236,-0.021642411302819242,0.394938278594682,-0.12970443985532087,-0.08109708000647098
0.17184393009163657,-0.0362074858054201,0.03529407030481968,-0.4822647734807479,0.07956089426366153,0.14947378688889668
,,,,,
-0.3476132594141315,0.25378398989299733,-0.21034306673783593,1.0953664720041962,-0.29174024638397356,-1.0801668530174422
,,,,,
,,,,,
,,,,,
,,,,,
,,,,,
,,,,,
,,,,,
0.03313328367454682,-0.13439944208154397,0.06000505335520012,-0.18395495632558734,-0.009709700601810756,0.32182225247167073
,,,,,
,,,,,
,,,,,
,,,,,
,,,,,
0.1430468849934582,-0.124977841285698,0.051733727647381156,-0.21544988542842103,0.17216225864009216,0.27140945765145563
,,,,,
,,,,,
,,,,,
-0.07188677460182036,0.2292806376033338,-0.08701922777296162,-0.07057028891173167,-0.10643002034849247,-0.5026142673472815
-0.03477707501383598,-0.0887466923121708,0.04804791174415168,-0.7875488838903222,0.07327670684200571,0.18954188215491996
,,,,,
0.09971583331739242,-0.22340428113337152,0.10716515655558478,-1.019686637005651,0.4268727552541705,0.5011840826422245
,,,,,
,,,,,
-0.04656565665213963,-0.03329604389707974,0.0011446969722174738,0.5718680514194097,0.06939631403256075,0.06738510515308693
0.04497514406578629,0.09719951430483514,0.001157305659089669,0.6277381083526852,-0.21015245106513114,0.07340390905338046
,,,,,
,,,,,
,,,,,
,,,,,
-0.060140807168940325,0.031664983768854515,-0.029651505672580514,-0.16534236951807135,-0.03661150339766617,-0.1863042739279992
,,,,,
,,,,,
,,,,,
0.22932123873713062,-0.318214520722336,0.1951307325283279,-0.5296923510202267,0.07107623363759596,1.0538280885899702
,,,,,
,,,,,
,,,,,
,,,,,
,,,,,
,,,,,
,,,,,
,,,,,
,,,,,
-0.05169900988554432,0.06933281923263429,-0.093370872073257,0.06722649556142057,-0.24636801133351005,-0.5240847017870482
,,,,,
,,,,,
,,,,,
,,,,,
,,,,,
,,,,,
0.021990616831658705,-0.10367160776401785,0.04286475088109287,0.07315222403974597,-0.13299966347697845,0.2516688832199918
,,,,,
,,,,,
,,,,,
,,,,,
,,,,,
0.21605469186188309,-0.15217941969981785,0.11822283632093233,-0.04554541087107866,0.19386704428286383,0.6677896558888605
-0.016780917629092396,-0.14194392204649708,0.06200772835425716,-0.32777198298721366,0.007225492549040258,0.31790807671384336
,,,,,
-0.0216638292953526,0.05785053543513696,-0.04670119539566092,0.7042599321364384,-0.0819598923116045,-0.19074529730518153
-0.04205879774419674,0.08569558228755325,-0.1138057137680607,-0.2095199744730536,-0.07338498214855593,-0.6698084376687832
,,,,,
-0.27866969022235044,0.15559503936435543,-0.1680265494084784,-0.18181334462968102,0.08954085165316639,-0.9753527389329069
,,,,,
,,,,,
0.06091785323339938,-0.13309162476476344,0.05522547967895031,-0.3211734972045335,-0.0218498081117926,0.28002233595183723
-0.21219309414606558,0.30474282773103045,-0.1927041257605872,0.9872685844786642,-0.4119457595638152,-0.9913152080176966
,,,,,
,,,,,
,,,,,
,,,,,
,,,,,
-0.09417098705433413,0.0004994513333280715,-0.007313226205247769,1.2348653478333207,-0.4478521849871471,0.08983559671804109
,,,,,
,,,,,
,,,,,
,,,,,
,,,,,
,,,,,
,,,,,
,,,,,
-0.019559537321847453,0.11025693876895792,-0.07567070846975144,0.4125128286674935,-0.17194780169354518,-0.38662442431683264
,,,,,
,,,,,
,,,,,
0.0569804081928138,-0.030980260786844793,0.001044648972187201,-0.8449130072445986,0.4225643906492252,-0.08399281767715339
-0.16957048941647745,0.2409419112889699,-0.11040638179961632,-0.5905973311943877,0.22197977658250956,-0.6910313093391092
0.08504510776655239,-0.15291259066639584,0.06260270865640638,-0.6216113749487913,0.288938275994587,0.29001564553033976
,,,,,
-0.0064113250188504445,-0.12491897957910925,0.03716075128945673,-0.746872338199749,0.060983670522844036,0.1319283625244605
,,,,,
,,,,,
,,,,,
,,,,,
-0.2080454958550617,0.2850728784441356,-0.24451890762549222,0.005537311678025514,0.2798100195198051,-1.3906192985179386
-0.06321236822873777,0.05971174224278786,-0.06665908239435547,0.7675803454217125,0.035094125336078696,-0.2975570804112304
0.10587693344171367,-0.047785470240593875,0.04039302233194175,0.11100732363801202,-0.03412090485176433,0.24163526864999074
0.16695163120427936,-0.1340860838316762,0.047720478422616286,-0.6243392172238662,0.2286251000526328,0.20505171322995075
-0.02088724990257007,0.0018567864040870963,-0.034164911322479175,-0.44825864799284587,0.33036872686260177,-0.2420985447532109
,,,,,
-0.11740792389897836,-0.004328413991889768,-0.060020554170811646,-0.8322150023589802,0.09065675574248144,-0.4300762496897672
,,,,,
-0.23938780404662463,0.44813556227340884,-0.16028812272139265,0.5867495035324424,-0.21058311112548456,-0.8495150138053287
-0.12456512220781368,0.02086280881770264,-0.005489878146290206,-0.3321409342299937,-0.04958520669335875,-0.06658968329673565
,,,,,
,,,,,
,,,,,
,,,,,
,,,,,
,,,,,
0.05720672083627776,-0.11740663833068699,0.047127549406555835,-0.16610664086768545,0.0043603498449479305,0.25045458201486426
-0.11176673592012476,-0.016896630440352944,-0.02865215823359124,-0.046309847435226814,0.041409141092117685,-0.16794804238477434
,,,,,
0.07089296394107247,-0.07557789772848489,0.02485563700931137,0.22268353790591155,-0.22749705797486053,0.16512147616381956
0.04240167548606488,-0.27108844807056565,0.1450615347982327,-1.0053747783797462,0.41017029402346117,0.7183217969353302
0.047306081874536,-0.16429505192928107,0.14156139510788934,-0.28024645571409224,0.24688897681868993,0.7755934827289077
,,,,,
,,,,,
,,,,,
,,,,,
,,,,,
,,,,,
,,,,,
-0.10560739076498682,0.010093240029351969,-0.05158279087577955,-0.10858121392476061,0.10378299706078342,-0.30504205209708424
-0.040304783241403186,0.00165879315171219,-0.022518339580085645,0.7119822262106006,-0.17194671425197594,-0.052333123827174255
,,,,,
,,,,,
-0.1096577864768008,-0.0646906078300683,0.024167552566667805,0.5107754085300826,-0.37347330581644345,0.1918723917312959
,,,,,
,,,,,
,,,,,
,,,,,
-0.03612833874417498,0.05631548207128134,-0.07029964554230905,0.5366776362420296,-0.37163575523858294,-0.34284868462795437
0.13744033737356576,-0.18625471847492914,0.09456543414833662,-0.41169903258153595,-0.0046872316900721245,0.49421401135427434
-0.07947485919546327,0.3476515432697729,-0.140425959159256,0.6417270099447159,-0.14179200262537595,-0.7306556817204433
,,,,,
,,,,,
-0.07459293795604005,-0.02890947321717574,-0.008112020089249938,-0.3804265563456748,0.08851633397626035,-0.08664830079734598
,,,,,
,,,,,
,,,,,
-0.042905697651752894,-0.21387369925590016,0.09318117275674476,-1.2570292064102722,0.2979450485295728,0.3963573203517532
0.03253045087123119,0.0925906028221733,-0.10020388828438165,0.4864617789300192,0.012578652020071801,-0.5183363296507713
-0.10950843721466708,0.41492254539991796,-0.2432414058080502,0.8289728246353854,-0.25636716572143503,-1.2957005925472127
,,,,,
,,,,,
,,,,,
,,,,,
,,,,,
-0.004576219933653203,0.0046647866938208105,0.038226624808971654,0.061170428134993626,0.01781667724489544,0.22400451862964
-0.02998169492583247,0.01024494561159911,0.05744807092592086,0.18502212649499783,-0.04460574609461754,0.34654972639116366
,,,,,
,,,,,
0.09532963246221393,0.15642984713632024,0.03493792487569136,0.0751372574350806,-0.10444998797922922,0.20677990656246825
,,,,,
,,,,,
-0.20092937222109686,0.2978605329138847,-0.13749669506758921,0.05610995949313402,-0.4726843122108235,-0.7763251856879281
,,,,,
0.03015219644869893,0.02994996718463272,0.04623507038126218,-0.9312029518741521,0.395996588288775,0.1639363851582596
-0.019862994992250638,0.10879129167582752,-0.11180922032655388,0.5280575462271242,-0.2577096071354359,-0.5799380943669132
,,,,,
,,,,,
-0.31658248989465776,0.6451182631802379,-0.3050819682397632,0.9576775894160481,-0.39215100178674,-1.633847196465219
,,,,,
-0.14500758465027686,0.4421691779526623,-0.17764321709556358,0.5200606464752136,0.08103381146906696,-0.9553567972138488
,,,,,
-0.04591138039838827,0.020594717382345584,0.05719751857692701,-0.7993508587644194,-0.03752529365995638,0.2403430018934105
,,,,,
-0.1827952148087082,0.12878734388070745,-0.1512216721642869,-0.3383957228191361,0.017672708327261755,-0.896407474458369
,,,,,
-0.26395292927821834,0.2073809940674018,-0.19082918772416885,0.47406388493152085,0.13926972688448713,-1.0352754756906768
,,,,,
,,,,,
,,,,,
-0.03410876007422525,-0.02376867517866066,0.03978850081889185,-0.6998179791199455,0.24430880795076193,0.15188782350947916
,,,,,
,,,,,
0.055277385658088374,0.10610599184800668,0.0451952460720243,-0.2577327769305229,0.0028956361985210677,0.22970748951598674
0.05145560235591051,-0.0533122979829187,0.019504346383218407,0.6675756208673438,-0.20166624950830903,0.18203126521238877
0.04049596051343696,-0.025139706905889292,0.017660316935675158,-0.06901785228838597,0.07893863217259522,0.09313312381778927
,,,,,
0.05686007669514925,-0.1128735948749402,0.04620097959991032,-0.06957207796894349,-0.042287473487690574,0.2554583762865428
0.24496123414576165,-0.2640921053725219,0.149982892785835,-0.6240309648752278,0.37025837830679564,0.7869142228033454
,,,,,
0.068762774941875,0.2578574377065005,-0.0640102315439614,0.8535297611459154,-0.2948444574768678,-0.2733373931508938
,,,,,
,,,,,
0.11885976371199025,-0.1508299376272635,0.058538927772583293,-0.7103498023366828,0.19440347953966186,0.25744873219731135
,,,,,
0.08151858539230361,-0.17857214217865858,0.08560598216562065,-0.5184048990370829,0.012148907505261541,0.4318802722423132
,,,,,
,,,,,
,,,,,
0.04707870821345539,0.14974278059428747,0.04012713280224778,0.0725622645386883,0.34413997961237025,0.2360302012587283
0.08848982446880937,-0.19777320366752849,0.10759662738779385,-0.26641056080391645,0.12362950448713672,0.5838211385529406
-0.14146989606167681,-0.03092087422330636,-0.023004638849861925,-0.24323377431615745,-0.027351089599547462,-0.15677754460225923
0.12129599620630738,-0.04207765743821301,-0.0017566675632200712,0.21305246447396398,-0.3111895630250334,0.012683592007836975
,,,,,
,,,,,
,,,,,
,,,,,
-0.03613525158644415,-0.12347888037171106,0.05458411093137461,-0.06804558430839625,-0.022490626441311612,0.30331731950657126
,,,,,
0.01478478107529646,0.019800195838154122,-0.04091251994558037,0.5610656848798212,-0.11839048124527207,-0.1730524472438444
,,,,,
,,,,,
,,,,,
,,,,,
,,,,,
0.04795923623938614,-0.15258891310703726,0.07105226782383811,-0.30319197915716,-0.06826950148739808,0.3719840729353092
,,,,,
,,,,,
,,,,,
,,,,,
,,,,,
0.0510541594169881,-0.12149724734993395,0.04047055358277496,-0.5273367761132117,0.11948139753190179,0.1741281065633813
,,,,,
-0.28796017496420345,0.4110033045447172,-0.19095857033876057,0.6159590614966428,-0.3605020243241188,-1.0209076325828874
,,,,,
,,,,,
,,,,,
,,,,,
-0.004528778023457303,-0.08748069741337972,0.08406285364730925,-0.1734818252248429,0.15250505954580795,0.45981572488864364
,,,,,
0.0008491702623667496,-0.04119685321811739,-0.012590885587161094,-0.15794677792723433,0.14134212928755152,-0.08844937202197833
0.07345357144826337,-0.10058784586130332,0.0345101872993725,-0.1437485693691749,0.24195253197687705,0.18104704730564825
,,,,,
,,,,,
,,,,,
0.2526014513356163,-0.16355480756853935,0.09090867040172013,0.10767968650862803,-0.10663380768022446,0.528693638673098
,,,,,
,,,,,
,,,,,
,,,,,
0.1409044348091173,-0.17108061212717196,0.07238218625226589,-0.7866082230521457,0.42697762879374535,0.32809369543947664
,,,,,
0.1840496892649961,-0.173890614520684,0.1163533949234633,-0.7386379356585131,0.5179346762147663,0.5833773723159417
,,,,,
,,,,,
,,,,,
,,,,,
,,,,,
,,,,,
,,,,,
,,,,,
,,,,,
0.01325128021037747,-0.0015317125333998982,0.018996520480151213,0.6591447561699997,-0.1434233323290085,0.17824453152760666
,,,,,
-0.020191498304393707,0.06540330235560798,-0.06313551747945112,-0.4195074554361866,0.3227969280535341,-0.4038685782172893
,,,,,
-0.06390351110204728,-0.13034143742067206,0.07605696702426512,-0.21985018762168695,-0.021884684370309215,0.40932996905668917
,,,,,
0.05661726469609463,-0.1782536493787963,0.0932479229317198,-0.2296793969859765,0.17088870646274468,0.5060929393876648
,,,,,
0.17528026059737778,-0.08119304454656362,0.025567027746915993,0.0871414524277907,-0.04370212409018848,0.1547412642809407
,,,,,
,,,,,
,,,,,
,,,,,
,,,,,
,,,,,
0.10354687388289474,-0.08879966783010995,0.030910300799614432,0.06374382732701767,0.02166782114040633,0.1826516673565841
0.2142338205063885,-0.16930019314732614,0.08639837718171617,-0.22263212615126626,0.1532822037512972,0.4678720776027667
-0.25235167421249594,0.3499878072381227,-0.22745764590030737,1.0177467969993141,-0.39597402906664825,-1.1858037335770302
,,,,,
,,,,,
-0.016164798638526934,0.1581792171333491,-0.15695636712326272,0.2975171794763367,-0.25225741678700486,-0.8613459586092551
,,,,,
,,,,,
-0.03951504649674498,0.2513063867033038,-0.001988148009778423,-0.025549931641221102,-0.22872760561034333,-0.014031369870118215
,,,,,
,,,,,
,,,,,
,,,,,
0.0018812654522791794,-0.10064165024663052,0.03187505702583204,-0.24169638958898787,-0.239209343866843,0.1556282589394371
-0.07978052542753833,0.1623174843168153,-0.02297860570847038,0.3454428250436232,0.06309750135836856,-0.09396798229865677
0.003964500560353357,0.16817982612357557,-0.021586650002830665,0.5650432359219624,-0.245252082909716,-0.06267306785978422
,,,,,
0.11713664917251765,-0.13904891852040147,0.07719619133332567,0.31115909539915054,-0.057861316546248376,0.472334741847487
,,,,,
,,,,,
0.0708492627145676,-0.130526890742099,0.05586137209206232,-0.22411498229378335,-0.0910548102900075,0.293971648399153
0.030463499290365403,0.12943643428415758,-0.009792460418688531,-0.11827257772706523,0.10949015774427528,-0.06830441720733527
,,,,,
,,,,,
,,,,,
,,,,,
,,,,,
,,,,,
,,,,,
,,,,,
,,,,,
,,,,,
,,,,,
,,,,,
,,,,,
,,,,,
,,,,,
,,,,,
,,,,,
,,,,,
,,,,,
,,,,,
,,,,,
0.04160880114493748,0.35971031011457766,-0.15605879829018998,0.4168095022522029,-0.17791390470622515,-0.8435411497185719
,,,,,
-0.10782537926689417,0.13532470403946772,-0.020541419964626884,-0.34207132627033676,-0.05280357675736336,-0.15328359911582456
0.20309156605566847,-0.29529893374829963,0.15989737806517934,-1.159258959018544,0.34796077765628475,0.7863513030607123
,,,,,
,,,,,
,,,,,
,,,,,
-0.012519262841222178,0.22815081252801084,-0.045016858398922444,0.6935961642187956,-0.19745204426243568,-0.1822972357855619
,,,,,
,,,,,
,,,,,
,,,,,
-0.23235435262897652,0.4807965234418648,-0.2286872166326211,1.2439345991978816,-0.5226719840960956,-1.1687229987443686
,,,,,
,,,,,
0.04982842387919473,-0.10470139606217754,0.04592670179282854,0.1555356317345804,0.06586321820342533,0.2778593520528898
-0.030308571712214016,0.1845268988946031,-0.03549555639012114,0.5265804188874903,-0.41546669341023157,-0.1459029960032634
,,,,,
,,,,,
-0.020515807072103653,0.5023637884218307,-0.2454597972921747,1.2509137621737152,-0.018003701871866395,-1.2634089636820545
,,,,,
,,,,,
,,,,,
,,,,,
-0.00894739131243294,-0.14940097951768516,0.06743060926920708,-0.3439538439601093,0.04398880037759001,0.3470394938310184
0.05195989800950551,-0.19339300581106678,0.08642566736076374,-0.9148645504769582,0.21851030637897018,0.3943429440385575
-0.0843188007354353,-0.08037868170317541,0.018547983093299192,-0.14620090009822073,0.07780141429096243,0.08996784858020179
,,,,,
0.008078620993354546,0.038510849095874156,-0.019926305332166272,0.3874083335171721,-0.027244361351463575,-0.07213468800361911
0.10025864469731771,-0.1527052899664767,0.08369924184152422,0.15611756423015288,0.021038543717519453,0.49283100314094863
0.062012354470343145,-0.22066792380562228,0.09857640215009267,-1.2551507103987773,0.3641991888743085,0.4272538395210743
0.036555512383288136,-0.09361400489979,0.03703892825892974,0.1494198497918866,-0.04616336687822764,0.22664070411480974
,,,,,
-0.062084327438117315,0.055024342174678664,-0.08060099984600583,0.12267779445042137,-0.023905798980207282,-0.44552706201977754
,,,,,
,,,,,
0.10138364969298741,-0.19290285600432233,0.13573944153486717,-0.5764933778263666,0.4346604930637447,0.7109351550563461
,,,,,
,,,,,
,,,,,
-0.06262944644175006,-0.0835270465975887,0.025725493406560274,0.02578148245658629,0.06084659391231162,0.1491114291478275
,,,,,
0.11853195478782874,0.061880893044144014,-0.020779873588932296,1.02861695679644,-0.3628556756287944,-0.008737933769387585
0.003997302624403898,-0.04923340768530038,-0.01875473407936301,-0.6146743870364597,0.2459888255552375,-0.1721352389882953
,,,,,
-0.05282893829569557,0.2726785865985557,-0.10592347882722292,0.4865687772580165,-0.10110829366040242,-0.5508669808261009
,,,,,
0.07689725703899042,-0.14744632714700368,0.06861741983347924,-0.24429544723765728,0.25633902177222545,0.3644000399123537
-0.020285476332650987,-0.12800893479952402,0.04832239220467571,-0.42745980347101664,0.33891195319954,0.22943309728808003
-0.00988993591271592,-0.09072203831929826,0.0282683974792719,-0.08821666178380339,0.12082728187116865,0.15144498632922732
0.02098829009282599,-0.20855343932690562,0.1035825819539764,-0.7234378516237845,0.30180762097529945,0.512334838276459
,,,,,
,,,,,
,,,,,
-0.012501406828733796,-0.13367734242171958,0.09516008999862413,0.3830049223920666,0.13498718327825,0.5821892946580007
,,,,,
,,,,,
0.11460687683777726,-0.23763132608161208,0.13030001573948358,-0.5827149912903289,-0.021878900356070097,0.6793248757362664
,,,,,
,,,,,
,,,,,
,,,,,
-0.038909271153725555,-0.15603414253496262,0.06650914273444197,-0.5685216817496488,0.08132899926377557,0.31789270714823736
,,,,,
,,,,,
,,,,,
,,,,,
-0.0711531273627789,-0.03225452518887406,0.03168886370034796,0.2394645374225759,0.07960921693630751,0.2057858801270016
,,,,,
-0.06358019639919865,-0.0750825240523103,-0.006317592014401796,-0.9034579694211705,0.06162558224957748,-0.13211263653673422
,,,,,
,,,,,
,,,,,
,,,,,
,,,,,
,,,,,
-0.09482794255116855,0.04183616533498846,-0.018230491757342537,0.5451259215343549,-0.2599237352951902,-0.04569804365300367
,,,,,
,,,,,
-0.13367894881100773,-0.0043163349687179164,-0.04585347816462104,-0.31360020262238253,0.18833757873978774,-0.29426786063849875
,,,,,
,,,,,
-0.014471471241097378,-0.15312927517008945,0.06922836238368313,-0.38546304720504554,0.09308477580109487,0.352849514876294
,,,,,
,,,,,
-0.10610480632229868,0.007100697279866952,-0.029069784328362214,0.6288956870262241,-0.1138910632052369,-0.09845217484103408
,,,,,
-0.09410188676014497,0.12836459527896088,-0.0054578246410328934,0.009458901525778884,-0.044212385013727706,-0.030045854799922722
,,,,,
,,,,,
0.26270780589305964,-0.21881016349284066,0.13364991021230055,0.08138033845602033,0.34663359119438,0.7690737136181882
,,,,,
,,,,,
,,,,,
,,,,,
,,,,,
,,,,,
,,,,,
,,,,,
,,,,,
,,,,,
,,,,,
,,,,,
,,,,,
,,,,,
,,,,,
,,,,,
,,,,,
,,,,,
,,,,,
,,,,,
,,,,,
,,,,,
,,,,,
,,,,,
,,,,,
,,,,,
-0.024313576819831817,-0.07127650619663284,0.021745415456994377,0.23266923155115338,-0.08973274969343692,0.14848855987878418
-0.07827239579671508,0.11015109348705432,-0.0725643830716331,0.5231044961118554,-0.12834567270231378,-0.3571788665977538
,,,,,
,,,,,
,,,,,
,,,,,
,,,,,
,,,,,
,,,,,
,,,,,
,,,,,
,,,,,
-0.13665790012706003,-0.05914329390934492,0.008750152623744345,0.10638293801088228,0.14366075503988052,0.06110854067856053
,,,,,
,,,,,
,,,,,
0.1044301527895849,-0.2241004543435935,0.11916867158028832,-0.6005991201544738,0.34460372538728107,0.6140885870109156
,,,,,
0.1110337994383338,-0.013016206170542721,0.12862427030976087,-0.633233278943544,0.1072055364795228,0.664413197188416
,,,,,
-0.02166907333846102,-0.05764023725961409,-0.010753329301612269,-0.5638554833005387,0.30984056216989786,-0.12120124686232403
,,,,,
-0.10565448653371534,-0.03113323935629353,-0.0031685952262149875,0.47630809972207877,-0.058139144175935686,0.03267246400726931
-0.15614344207130582,-0.08067449663907666,0.014858354251905737,-0.2896883807916304,-0.038527525828043085,0.0537019603869644
-0.1379499138441459,-0.059466834314017336,0.020103960951398547,0.5124244426072033,0.08594513403624371,0.16892781238124233
,,,,,
-0.17862275156021779,-0.008767086672807067,-0.009331504507841926,0.15452543984539902,-0.224259641642909,-0.03664389818940972
-0.09504181850877347,-0.023060615868880474,-0.03626812523008294,-0.5022795293500231,-0.14689085934282242,-0.25981516953992045
-0.16879287062328996,0.4504684821585209,-0.15559807127520042,0.8254492772898672,-0.2787327284284775,-0.7974223115673555
,,,,,
,,,,,
0.1588426305720173,-0.11530190922314099,0.04644932803026347,-0.13035759038435968,0.20606803208078317,0.2504010838419384
,,,,,
,,,,,
0.13087904301335607,-0.1680710522482587,0.0915464330884721,0.0010631902648301494,-0.22598912315737985,0.5209734872153526
,,,,,
0.07255880169353246,-0.08942750553087597,0.07849333175963125,-0.43324511166306956,-0.010736288947013062,0.40047711225900606
0.1321765350943399,-0.1634062014090707,0.07695197417895494,-0.398615442102245,0.09470277775143976,0.3953935836800633
,,,,,
,,,,,
0.08259927886614704,-0.015527508078710561,0.10472074125908892,-0.10018912551019432,-0.09642263723278177,0.5851519422149325
0.12980821865371572,-0.01892708281172345,0.016181419143549314,0.7955152517183779,-0.2848366403282907,0.1767437035134174
,,,,,
,,,,,
0.019345105621365377,-0.05015087269069196,0.01090411766084931,0.44392241455430415,-0.2035153309790123,0.10929294111713217
,,,,,
,,,,,
0.10261877613358339,0.2766500909565236,-0.13848318944502935,-0.5902738102209879,0.5805685240416547,-0.8507419810614159
,,,,,
,,,,,
,,,,,
,,,,,
,,,,,
,,,,,
,,,,,
,,,,,
-0.0015764677197581678,-0.09587731729613969,0.04308077391967835,0.3053226844222634,0.03296022891419392,0.2776112541903677
,,,,,
-0.25294042531615113,-0.09036824042293623,0.03911843616688526,0.31888497068033295,-0.29326599254863117,0.25651086766207776
-0.1140664805769217,0.17166211430900535,-0.14411660493161743,1.1551759780094975,-0.046799277972468856,-0.6970000187077616
,,,,,
,,,,,
-0.1425963179897234,0.1123124175872231,-0.06740294142673181,0.774111523650838,-0.26481720604783865,-0.30109411367216943
,,,,,
,,,,,
,,,,,
,,,,,
,,,,,
,,,,,
,,,,,
,,,,,
,,,,,
0.03398821247521833,-0.09369720219801125,0.04084589530028038,0.28629440764806646,0.02850159851442824,0.26287028689963376
,,,,,
0.21755069847339015,-0.16477914697176133,0.09743725163021477,0.31128325801733525,-0.1857596512779629,0.5875109931967124
,,,,,
,,,,,
,,,,,
,,,,,
-0.010918478176678237,0.010728687090560796,-0.04460969581157198,0.1647960651112783,0.17442289005267175,-0.23626856832733267
0.047426378265680635,-0.01808163374728311,-0.014334015735775474,0.4433872835000605,-0.15935303276889867,-0.03435827883832454
0.019896199626298294,-0.005997272206534565,-0.021718757225352825,0.5209423621160834,0.030870262272711946,-0.06811900168314544
,,,,,
0.1583712348248285,-0.3084015734336698,0.1794027194254364,-0.8227112986799205,0.24758117358166132,0.9331520906252391
,,,,,
,,,,,
,,,,,
,,,,,
-0.03522402012138259,0.08540829126996596,-0.016347098581072195,0.3879870376799117,-0.1611679914860683,-0.05170892206486588
-0.01520219114414878,0.032710109653938724,0.012717458990679775,0.6748156710898006,-0.3080830974916118,0.14418742318958389
0.1563001099160467,-0.14072611590630224,0.09455164425762397,-0.5819472674793471,0.022109624493704683,0.4760135475737792
0.0383121329999333,5.969714333020626e-05,0.007156718490231917,0.27180521968945603,-0.20935399082780948,0.0696508858352538
0.07519627612514113,-0.11109206697565388,0.039785302030230785,-0.25301317405209445,0.06788669165540118,0.19942958224068796
0.025630491524254784,-0.052748953654756625,0.0051380776002623585,0.15823070231221137,-0.08552171426724287,0.046076282664962775
,,,,,
,,,,,
0.07386832171137836,-0.1279041386973282,0.04941768650169043,-0.3843758511109334,0.14294653429699578,0.240250910618101
,,,,,
0.0330740355473923,-0.014570952088863331,-0.00702253260568203,0.8118737603176813,-0.22025641904436566,0.046464349738712496
0.09981448830469875,-0.1958463810669726,0.0970744228012761,-0.59589812162845,0.20861376917586072,0.4888820927575117
-0.06382284439231767,0.3181029187904497,-0.11951168253914202,-0.18326583859225054,-0.0025010945034831256,-0.699478365167236
-0.11221881319112459,0.07653359172415075,0.08218035186939132,0.24437852803764093,-0.2069688227324733,0.49358406734134785
,,,,,
,,,,,
,,,,,
,,,,,
,,,,,
,,,,,
0.08086476787041297,0.08467718085132092,0.02310349901938391,-0.20272906620720343,-0.1924145713889971,0.1098696810708808
,,,,,
,,,,,
-0.052258703095094505,0.026729385299986308,-0.07171390374873327,-0.3663503999861184,0.14499641516609474,-0.44701767061317943
,,,,,
0.026314862751481538,0.07407588384314173,-0.0947014654034905,-0.5848530634849689,0.3060755362488111,-0.6010655600461408
-0.03059225690463052,0.2728218037515908,-0.10800959536428034,0.4143742276762292,-0.005648731493909986,-0.5704208176707497
,,,,,
0.04860921662679152,-0.20346130903024762,0.113007535320098,-0.23213175743458736,-0.2575053897548707,0.6182556996855912
,,,,,
,,,,,
,,,,,
0.054941111001499454,-0.1202662803409833,0.05297764239502889,-0.034376997561777145,-0.17342057066609973,0.2977610351731532
0.14123159791395612,-0.056317230035635935,0.08847120644311779,0.1445870050474216,-0.22371681457492731,0.5187540888929152
,,,,,
,,,,,
-0.07693294463187861,-0.1041038733573586,0.03286385757608545,-0.3051433141812665,-0.12243926980094211,0.15450053156816157
0.07161104004334184,-0.23414104562479887,0.12655578032035641,-0.6192614956782692,-0.05237904200286525,0.6541315886929482
,,,,,
,,,,,
0.05129597552241705,-0.17928487830333717,0.08142513539880192,-0.6918585824572199,0.16694905398553261,0.38962982227297527
,,,,,
,,,,,
,,,,,
,,,,,
-0.007595264116562972,0.008045834281478315,1.8398167229149998e-05,0.2404553866126422,0.11504940005774811,0.02569985505475536
0.1965356703474319,-0.0861255453187666,0.03340536344127165,-0.5079140024984392,0.27347886324455306,0.13599762522986403
0.09007739195850406,-0.057027623033407804,0.04516170194771363,0.7594069114148849,0.09698696923946437,0.3377856643449402
-0.10249226164668468,0.2795789236483245,-0.0938930365231892,1.1252183585696305,-0.14151110628615804,-0.41443807568423896
,,,,,
-0.23753302266644394,0.12558344661538018,-0.12124035532961697,0.6662093622246019,-0.10401329301261197,-0.6188917315832052
-0.07614169744745203,0.1958980575935148,0.010903640713908591,0.33153510374342576,-0.24146708942267847,0.09732720521613336
,,,,,
,,,,,
0.061352836272091094,-0.09371561559898889,0.06075947463779974,-0.4655005008879858,0.13758962453865609,0.29614558639948774
,,,,,
0.05893695716636316,-0.05222282663260003,0.04049483411138921,-0.01294572400155869,0.025293975110987077,0.2290204019276607
,,,,,
,,,,,
,,,,,
,,,,,
-0.032730722204876606,-0.04163725655961126,0.006463148830545606,0.5264258123266485,-0.35257745871076107,0.09280775607150371
,,,,,
,,,,,
,,,,,
0.08173209650287205,-0.07691999431884644,0.024968025534399585,0.18817838680012167,-0.11177564672135609,0.16208803214389622
-0.2206426511199222,0.0058004395896273375,-0.029241257996470316,0.5852099885064443,-0.4441788536163065,-0.10407789385034016
0.08298498902463125,-0.05698629947589984,0.017078136035380997,0.47310544273435373,0.034126767782386214,0.1475268587565255
,,,,,
,,,,,
,,,,,
0.040168766133531264,-0.12831184688604302,0.04557894448572297,-0.5365378094565558,0.11067442745971656,0.2022132805045911
,,,,,
,,,,,
,,,,,
,,,,,
,,,,,
,,,,,
,,,,,
,,,,,
,,,,,
,,,,,
,,,,,
,,,,,
,,,,,
,,,,,
0.22408645972113983,-0.19996080140715888,0.1276712738810274,-0.3348509766383485,-0.030754887410668896,0.6907522369645562
,,,,,
-0.09906080530456929,0.02642143335060415,-0.0752850876975284,-0.5058540912798459,-0.08366962716151682,-0.4821856048149278
,,,,,
,,,,,
,,,,,
-0.01985451509369185,-0.17318117265878175,0.08025357226467777,-0.559093288984456,0.2745728135514308,0.3970962741832471
-0.17158878817307666,0.4792983175044991,-0.18543283468752142,1.303426333032714,-0.1077687896723728,-0.9162913656884766
,,,,,
,,,,,
,,,,,
,,,,,
,,,,,
,,,,,
0.09083804472449186,0.047594032954578314,-0.04340948520301957,0.5295650979030506,-0.04229518120095899,-0.19061218623645626
,,,,,
,,,,,
,,,,,
,,,,,
0.058636866863380654,-0.0818885645605204,0.02377589393788826,0.0016048400370856086,-0.0725281278987322,0.13544556332265767
,,,,,
,,,,,
,,,,,
,,,,,
,,,,,
0.17136938940756408,-0.175784286224124,0.09286117965883522,-0.17277560433568295,-0.363584034197199,0.5099496358615414
,,,,,
-0.13902350571510658,0.2292706167123202,-0.08547472235512626,-0.014356733519449882,0.0664288453298496,-0.48784305822486473
-0.023007994311433633,-0.07991242052156344,0.016670880975954372,-0.20145412019315412,0.18139065510536523,0.07340652802700687
-0.055610080048366206,0.11879174513241281,-0.08765145116990425,0.2198020626946362,0.10312431891100526,-0.47530278127436576
,,,,,
,,,,,
,,,,,
,,,,,
,,,,,
,,,,,
0.030235882371250078,-0.11886908276581587,0.032218495682474035,-0.7535967120857638,0.14368345775726277,0.10309325425223026
,,,,,
0.01822430059004232,0.06613945163177931,0.04002476420398693,-0.1170991033728277,0.2921900468099091,0.2152593390930435
,,,,,
-0.13215901494825721,0.32339272380689094,-0.13859238064797164,0.7506735186814975,-0.22457649357873177,-0.7086266313981007
,,,,,
-0.10974747852846145,-0.016811604749457476,-0.032409393155304445,-0.18131247039536613,0.056094030633050074,-0.20369541317443174
0.012969229202584365,0.1046086124156621,-0.031281668438264465,0.3941003679041384,-0.013894423994893268,-0.13602954952431068
,,,,,
0.052736034639587204,-0.12413012668350754,0.0736856328244807,-0.8677563136103021,-0.016509986384566466,0.3268719767550565
,,,,,
,,,,,
,,,,,
-0.07340456208732371,-0.02175703125102263,0.01270656392741254,-0.1529076998169583,0.13694423470544137,0.056018752287814166
-0.06569877878121677,0.007555147097653592,0.0024264122891868856,0.3144278844115116,-0.07748472636527648,0.047274405404626574
-0.43759806359846154,0.7988273596482274,-0.3926155534845537,1.4383266968046098,-0.5393182538212336,-2.0807136115199647
0.05161001684948907,0.43226755302949316,-0.170919856345138,1.2209921648363637,0.23866253538369464,-0.842493355883712
0.0350519727325197,0.3134450375086347,-0.06633456955942169,0.8881868485816351,-0.2810201735023732,-0.28287282931755575
0.09692135076956054,0.08786768023904934,0.03592931567008173,0.3582728753857849,-0.08861171243213883,0.24255875647573166
-0.015150496357983712,-0.1030975273525192,0.042867907942874206,0.0897859300042807,-0.13323016911013164,0.2534574137281673
,,,,,
,,,,,
0.007250725982491324,-0.044620780091015666,-0.004324597019970955,0.04593701015702534,-0.0387206160889102,-0.01971537335906559
,,,,,
0.07386864041710905,-0.10564081591599883,0.0538958513340454,-0.31984003617521783,0.12437564822084202,0.2725992552059182
,,,,,
,,,,,
0.22978690550557568,-0.2621477170647276,0.18089422961198542,-0.9170238970297978,0.07590818640332708,0.9315990832609966
,,,,,
,,,,,
-0.07425948402046068,-0.0681062367011731,0.005370049509137276,-1.015040494922716,0.2568993231141259,-0.07749227827528316
,,,,,
,,,,,
,,,,,
,,,,,
-0.05838911976264427,0.005468535119598661,-0.0204995655152741,0.8954530683889439,-0.3028914985549813,-0.021317676656489315
,,,,,
-0.2304698316011624,0.0006556255934487831,-0.05204585396781841,-0.3970729448754131,-0.008099547156120046,-0.33838507111433014
,,,,,
,,,,,
-0.05441091936556086,-0.04267113738268247,-0.0010848500512452008,0.22055283538400094,-0.09348715337891944,0.01730432224704659
,,,,,
,,,,,
-0.019448205937450114,-0.103557265846974,0.035112485155228246,-0.20715514045229,0.2787742196635903,0.1777245791984705
,,,,,
,,,,,
0.024059381952137304,-0.06935250009762173,0.01161528866231698,-0.08255617841988405,0.04151214336025122,0.05729839910258949
,,,,,
,,,,,
-0.14057752430889947,0.12690909994998367,-0.03115990235973365,-0.9726671640786986,0.23533783300558642,-0.28082177466018887
-0.06630353524692012,0.42254710453281247,-0.18455241768528058,1.1824659448929957,-0.03705859986920612,-0.9241577469945002
,,,,,
,,,,,
,,,,,
,,,,,
,,,,,
0.06718811034661587,-0.10475026996322401,0.01938183493198342,-0.8169485777260226,0.38058188988626573,0.023314643495985887
,,,,,
,,,,,
,,,,,
-0.2177733884350781,0.13931367404758027,-0.1011057844751082,0.31809324015017215,-0.0799165529101119,-0.5413896575202917
-0.11467338500099133,0.06992755691884156,-0.05145190070935046,0.13808653930147585,-0.09509786898723793,-0.27804089247681407
,,,,,
-0.0680820344028713,-0.09475625299301915,0.024989386178089656,-0.3242489795790995,-0.16462336749385187,0.1076644394032722
,,,,,
,,,,,
,,,,,
-0.162164326343486,0.004464874806623498,-0.04188788023408929,0.08413609891952079,0.07118431096568156,-0.2293684116767305
0.011580956860650415,-0.05600725431520415,0.021292607857096857,-0.8243020571420893,0.18262458146622362,0.03340339159396999
,,,,,
,,,,,
,,,,,
,,,,,
,,,,,
,,,,,
,,,,,
,,,,,
-0.07632540357771855,-0.06282126041022873,0.006513541483623597,-0.08126531112487179,-0.14963691554717873,0.028409030674103164
,,,,,
,,,,,
,,,,,
,,,,,
,,,,,
,,,,,
,,,,,
,,,,,
,,,,,
,,,,,
,,,,,
,,,,,
,,,,,
,,,,,
,,,,,
,,,,,
,,,,,
,,,,,
,,,,,
,,,,,
,,,,,
-0.1283225045539208,0.020378348169829252,-0.04014955145000426,0.6056123654533156,-0.40870800083471925,-0.16396972703696555
0.0052865422644839954,-0.016997776326642455,-0.03095544402648115,-0.1334801357965243,-0.06311146343760132,-0.19033156655891226
-0.17817939564606555,0.07391873958592382,0.02152806038555799,0.7030857920809452,-0.33910919265285844,0.1973252041832234
-0.19632839735782648,0.09018588847747017,-0.10449742453949684,0.2602017607817573,-0.11139342757102033,-0.5668488840845165
0.06797640298236518,0.03821743412738904,0.05702085814171254,-0.298749064284487,0.057744679443850644,0.2926242365265592
,,,,,
,,,,,
,,,,,
,,,,,
,,,,,
,,,,,
,,,,,
,,,,,
,,,,,
,,,,,
-0.016656535304357956,-0.1398083958933718,0.056206392351341505,-0.4785532073044516,-0.11135464206881607,0.268851092183493
,,,,,
,,,,,
,,,,,
-0.12625297905196664,0.10407750866082843,-0.10380324205667724,0.685305055940199,-0.2002038519496785,-0.5176493306869046
,,,,,
-0.11498133851753845,-0.006801140889286683,-0.0489617304609169,-0.49880405703042907,0.1779693903514774,-0.33166644594046213
,,,,,
,,,,,
-0.04699670098449937,-0.039994663293117516,-0.0006953326433371543,0.311813468695078,-0.2980186461105152,0.02923471238797859
0.018109836657542733,0.0813104421067804,0.004019720927863735,0.2752707252398221,0.12041244155042052,0.05217158661749233
-0.04544391021912453,0.28262880665608936,-0.1240962276699642,0.10806504846912879,-0.06029262803109803,-0.6945518799347008
,,,,,
-0.10934741747132637,-0.05185081516228829,0.056153873411895594,0.5706053025672209,-0.09426652793818324,0.3802295390048447
,,,,,
0.03167274544171372,-0.017529158720199,0.033385286893249266,0.7252219846649737,-0.344155615116126,0.2671440643438965
,,,,,
-0.06124369860175127,0.12216201106466862,-0.06827317944341477,0.28580482666590856,-0.18489735391994055,-0.35802300905836004
,,,,,
,,,,,
,,,,,
,,,,,
-0.08431550358449214,0.18869412761830745,-0.12189228213455772,0.9785116523313813,-0.41295391528047776,-0.5893580260137363
-0.13695049578670693,-0.1148997106762184,0.03792116154585079,-0.4307667570580014,0.01739995259517546,0.1699025058182153
,,,,,
0.09500975982784665,-0.2632623937905646,0.13935903424615093,-0.9888048346668006,0.2644212092398406,0.6876407721740212
,,,,,
,,,,,
,,,,,
,,,,,
,,,,,
,,,,,
0.20268955501232155,-0.12591143126149484,0.06132105659670217,0.10841619820089865,-0.08766311359380785,0.36043108230813337
,,,,,
,,,,,
,,,,,
,,,,,
,,,,,
,,,,,
-0.01518107340009145,-0.17321726955821504,0.07615440271307017,-0.7100898419388759,0.1131746100152522,0.3577009731286944
0.031398371930025815,-0.03813172248590535,0.02469312515274058,0.5543131611027785,-0.0764504335259425,0.19949703511941852
-0.1706643611798483,0.17778666524544712,-0.18128679021655097,-0.028379011967250012,0.06785612540044306,-1.0344656202535552
-0.08506402960037907,0.22006194551329222,-0.038494175934165875,-0.04040840161693904,-0.05223580364371416,-0.22331676528402555
-0.027681122338621855,0.21955940977720734,-0.08423225213911406,1.02467674544076,-0.23137123971547946,-0.3701744280652908
,,,,,
,,,,,
,,,,,
,,,,,
,,,,,
,,,,,
0.10398399607167119,-0.18232435297304506,0.0955439730170583,-1.0026888027183762,0.3448048918469184,0.4368738125203748
,,,,,
-0.050868670541589944,-0.02104480638655354,-0.025794569862935768,-0.061128973167581035,-0.005096504410226355,-0.15326699432977087
-0.010864363166110391,0.2921399304765875,-0.06586086621483134,0.2924969507125559,-0.19928237173306518,-0.3435856310487022
0.0854337863408361,-0.016510475522792722,0.012656476713136411,-0.003779067359829469,-0.13249589670922246,0.07160771485419426
0.052570323253349094,0.057422734146279464,0.0425050151794113,-0.27717439304822133,0.03476844222392417,0.21233176347847627
,,,,,
,,,,,
0.1575523782105156,-0.0725989061764496,0.04614236554648454,-0.39263276037361927,0.27783237872929323,0.22073682230472125
,,,,,
0.09414758488671926,0.22475593218029577,-0.06491250851298591,-0.13191877730366164,0.1532871479793807,-0.38336664071960636
,,,,,
,,,,,
0.12531381715130985,-0.06181888060538343,0.009097778087865549,0.04211437686911612,0.017584253690531404,0.056245340657978815
,,,,,
,,,,,
,,,,,
,,,,,
,,,,,
,,,,,
,,,,,
,,,,,
-0.007814426932437057,0.023158594434129653,0.04530980063940371,-1.1604621434908395,0.6309647245810109,0.13426859056396268
0.05129914897815169,-0.01708159922582758,-0.010331455726300676,0.6185853246295834,-0.16190551352173166,0.007063472673546567
-0.2593125829691564,0.6279549678916425,-0.30853559984220036,1.8172435531804132,-0.45719142493043474,-1.5620007385582213
,,,,,
,,,,,
,,,,,
-0.23380213836340757,0.3852615322326997,-0.14662705702506046,0.01728651197968456,0.2755725623546037,-0.8324056130658182
,,,,,
-0.09074648154578502,0.03329465145726507,-0.025930082261667153,0.01768763947565799,0.053682527976912975,-0.14564839955647946
,,,,,
-0.031854580903041274,-0.125504280965409,0.07399808005158126,0.583888652048351,-0.23117600823315754,0.4831694355755958
,,,,,
,,,,,
,,,,,
0.04614485494804321,-0.16536946574016165,0.07424048860279597,-0.5542980775573862,0.2127507111450483,0.36339480679840674
0.039767452353163035,-0.0059640693672352585,-0.002776454493084002,0.47497782288886037,0.031404227004317664,0.03476197741711928
,,,,,
0.007298672419719376,-0.15699740304457377,0.08029981802999386,-0.09174034512404439,-0.1531090518348066,0.4471065898250166
,,,,,
-0.016896095730695948,0.40281324090849513,-0.12283588248890726,0.6527718707718371,-0.02179682449939302,-0.629399951751608
-0.17711728416362216,-0.03408867873686405,-0.013228069047466262,0.02326939363090874,-0.17113831323793016,-0.07278519245852388
0.0249546468207148,-0.2021058986593527,0.08809240166842625,-1.104590276839077,0.24903363055997318,0.38363067530259176
,,,,,
0.1673698165127535,-0.30653785915439014,0.16168849654939965,-1.417116801337126,0.48643546028013906,0.7690944316639157
-0.05103659522889903,0.4962279657407621,-0.1727598699593989,0.7744039387638424,-0.1556020937932281,-0.9004991565467568
-0.05187902795196486,0.25852869804304507,-0.07589408788811103,-0.3017741039050583,-0.13223584379254505,-0.4639273447036216
,,,,,
,,,,,
,,,,,
,,,,,
0.12211509041439261,0.037142339382221,0.03379515712427028,0.0936670361100953,0.15918787396915668,0.20225043835988155
-0.008592323010842784,-0.02298701280177884,-0.01184686339140667,0.3932294120094679,-0.1701542314614618,-0.02554647305082902
0.03842931557935503,-0.030489548341862238,0.04966541069316166,-0.5318777828670787,0.07181189193691051,0.22595957200238237
-0.007766214723761489,-0.11457627574874074,0.03985884405151385,-0.3505751569258393,0.044714039603888756,0.18946305891949455
,,,,,
,,,,,
,,,,,
0.2908682215238103,-0.12962951508584308,0.10445093691584706,0.09948004132736532,0.22201614506255185,0.6048705745858798
,,,,,
0.030400167000545153,-0.1336709773357171,0.06765111481773312,0.11671755466507094,-0.16508582505843095,0.39733005920975417
,,,,,
,,,,,
,,,,,
0.018083741282087118,-0.05449386498954556,0.010602616156808797,0.30793032381240404,-0.10245204398360697,0.09310190201477386
,,,,,
,,,,,
,,,,,
,,,,,
,,,,,
,,,,,
,,,,,
,,,,,
-0.07332666160819434,0.1847383907486348,-0.12747670353332885,1.400276644663866,-0.14285703587924725,-0.5762364059273102
,,,,,
,,,,,
,,,,,
-0.08142131818249321,-0.06437952318951734,0.014804212626447821,0.1771918461354316,-0.10462361624075156,0.10309079625409767
,,,,,
0.08646855192183012,-0.2319300617669371,0.10929952987143499,-1.1869211091767897,0.6188862282630258,0.49552655375701127
,,,,,
0.06682126421323409,-0.12000480949869474,0.04173609586068994,-0.4380976324368542,0.03371804932309441,0.19082752943456827
,,,,,
0.013967006678193172,0.2265895913162379,-0.10727210556134226,-0.8889018575779454,0.06469017964042834,-0.7049515147558614
0.027573658647077948,-0.0007290040633843864,-0.027194095758448444,0.4722264050280389,-0.2556500241274129,-0.10445690260877205
,,,,,
0.07070232418341893,-0.1274213589886073,0.041342014696279517,-0.665913035765088,-0.0005766970247466086,0.1643356556688378
0.00676627494784976,-0.15909006961833205,0.07983601342531199,-0.16892049677540233,-0.023047838265059295,0.43625232832028304
-0.13929209361803974,0.2864503613755863,-0.22575002319283022,0.7317850644705997,-0.2860712216640595,-1.2065271678100555
0.032325425071151326,-0.06385630957258992,0.002692284406534573,-0.250838323606392,0.13290726343334625,-0.011382430247008024
,,,,,
,,,,,
0.2531285756651671,-0.2963421509775741,0.15281653307839793,-1.4483109120224062,0.6410708828843337,0.7152962836114645
,,,,,
,,,,,
,,,,,
,,,,,
,,,,,
-0.10000999230213803,-0.18236236535029104,0.08002225440638533,-0.8317290859906584,0.16410151268297002,0.3667595656398195
,,,,,
-0.20850547613945625,0.1503446347435669,-0.12081778608753985,-0.08562370218602644,0.06532255300395051,-0.6965160614460659
-0.18363927609656605,0.45611688956220775,-0.1485782410215165,0.5048989386425264,-0.1321474725949967,-0.7916033117515915
,,,,,
-0.01969231871499244,-0.012399949604143257,0.0022567948211151823,-0.2659519950484259,-0.09018542440423793,-0.01546894969877144
,,,,,
0.054526195498918906,0.006228268796068359,-0.039366873673395586,0.22709959532794355,-0.02898864048372296,-0.19980726314005892
,,,,,
,,,,,
,,,,,
,,,,,
0.33535405754242364,-0.358201239096847,0.221230298504849,-0.725456204216423,0.026834586847123476,1.1814855272592126
,,,,,
-0.05165832668441639,0.02129984270871116,-0.023245626722381563,0.5106379577839435,-0.169423629050647,-0.0779030887148986
,,,,,
0.20480281730336136,-0.3279519742934335,0.18878164227144434,-1.0421371231244143,0.20435666348006776,0.9631574835772745
-0.04928803320493813,-0.03185005894534021,0.03138989746921972,-0.4997114894533179,0.034558736349941666,0.12540359321176897
0.03635951827283246,-0.06457993260356765,0.012391170165500232,0.08315023945702582,-0.10167359934961029,0.07935138853661039
0.07376081892023889,-0.09817558868543375,0.023304164491182333,-0.4842843437143327,0.24857713477709908,0.08104134364522775
,,,,,
,,,,,
,,,,,
,,,,,
-0.038271243696894164,0.05980256418148633,0.037039266755445555,-0.40864954086190086,0.2870779583374541,0.16723915729759709
,,,,,
0.010878301443091876,0.1761429676059098,-0.12794308179142277,1.1358962957339565,-0.4207323289044944,-0.6070317604312829
,,,,,
,,,,,
,,,,,
,,,,,
,,,,,
0.062417346782985716,0.024334499088434047,-0.055886948596737485,0.1437305138198013,0.07116456417578632,-0.3026736603898317
,,,,,
,,,,,
-0.032267673427678445,-0.04273468099088762,0.01301084390611218,0.7343803844455581,-0.2705598080758016,0.15219700078249065
,,,,,
-0.09547841702643156,0.11577867042323842,0.007049981121065585,0.10488673618984179,-0.16820653442283695,0.051276024439066425
,,,,,
-0.2761100551714961,0.3604299505980207,-0.19034145666455982,-0.07675290290818215,-0.0924853805172231,-1.0911319654618366
,,,,,
,,,,,
,,,,,
-0.15000844128097457,0.24632498652115706,-0.1425840684724568,1.1399096501268027,-0.29457409584076966,-0.6899055554153946
,,,,,
,,,,,
,,,,,
,,,,,
,,,,,
-0.05450559314225545,-0.053040206701313264,-0.0126497219981625,-0.5008720362395491,0.3167715436035553,-0.12528666794844234
,,,,,
-0.12117437905530681,-0.01920015913955969,0.0037105589978432274,-0.4084344106367215,-0.1323404624901734,-0.02236413272331994
0.17816683431623725,-0.27494151871093553,0.16497167808710134,-0.3878774214455809,-0.033923669520459,0.8973313134204073
0.031155795405113706,-0.048326335512457685,-0.014055733620681354,-0.41667364150098507,0.01929221712462159,-0.12432381242525015
,,,,,
,,,,,
,,,,,
0.08588568631241855,-0.2476617340903552,0.14164761470327414,-0.45619967389365446,0.31142686470219094,0.7573547657814355
,,,,,
,,,,,
,,,,,
,,,,,
,,,,,
,,,,,
0.1473560241712525,-0.21278372053560257,0.09583478912257792,-1.1285909187087597,0.3759943794306799,0.4251268323266508
,,,,,
,,,,,
,,,,,
,,,,,
0.0665815560369174,-0.09792560860778621,0.038663744402035016,0.08480045461799901,-0.08385645250127316,0.2290068321330656
-0.06854805200967551,0.0009522825581164684,-0.045371736020617504,-0.1443811239106665,0.0757135603983512,-0.27351449543569517
-0.04247922059709175,0.09409846070916511,-0.11571844064282738,-0.037713425957645264,0.2122735550829119,-0.6624031618519441
0.10617834174369112,0.19239901795779046,-0.057001184874391264,-0.03364233671776584,-0.287401116314127,-0.32789357351204096
0.06288794504828887,-0.17667413034236468,0.07651694968346578,-0.7962924043576093,0.28228234671565855,0.35058791416143054
,,,,,
,,,,,
0.11819855997516737,0.05342299639442055,0.06171611398174082,0.3105300565510738,-0.0097612923508974,0.38419271969571955
,,,,,
,,,,,
,,,,,
,,,,,
,,,,,
0.03877126292890554,-0.15191202632598988,0.05473079703073158,-0.880796105209588,0.24660411061898146,0.21763899750191706
0.2628501120300799,-0.14462615348307162,0.08242711263163371,0.3420436474160258,0.29782645395851104,0.5053839557636115
,,,,,
-0.1391219654383945,0.13676064956084322,-0.13157758750592657,0.6096529255342638,0.02235989608400213,-0.6837263187699412
0.08154834301461511,-0.03596807025222226,0.04636233236908682,-0.07047114386345044,0.09960613715275168,0.2562807042933084
,,,,,
,,,,,
0.023778883764867254,-0.15035017521874006,0.07017846620833801,-0.27074186472643147,-0.058375270444396166,0.37046665235510723
0.02009353075447673,0.021153303448495087,-0.027283579277034786,1.0985800172838724,-0.34265760126866374,-0.03829406648639422
0.02131716525468985,-0.0023775467321887067,-0.03733390678299431,0.05385254975941689,0.21494951337760182,-0.20668175747631334
0.08148449128358315,0.009402409423640457,-0.03933897931793401,0.31945067862972,-0.08112160644707478,-0.1898182820416352
0.03994261478158845,-0.03294398682145849,0.0001713660356261748,0.546391018591103,-0.12439812976509679,0.05913537303118721
,,,,,
,,,,,
0.03482371033069587,0.31018142954625394,-0.057176355157980696,-0.35044143724642907,-0.02724242806412802,-0.36261177135736133
,,,,,
-0.03845805856894813,-0.1199022590735862,0.050058584763781666,-0.13068935320220776,-0.10417352443798222,0.2709009071227788
,,,,,
,,,,,
,,,,,
-0.022654902825893664,-0.07063137938671482,0.025552541592898326,-1.0892479445890355,0.16563681308935385,0.02943854612892105
0.01452581437395839,-0.19637934703877136,0.07835147917023144,-1.2961656681101137,0.5569160778019377,0.30781679834845566
-0.0037710886172726,0.0767942556305351,-0.09777322872084548,0.12086769543879927,0.05802101554454131,-0.5434224250074333
-0.10429741461187203,0.19051386130468867,-0.1011682102635923,0.30925623466219254,0.052223442070477244,-0.5426854852479277
,,,,,
0.20915664069506157,-0.14514185292015058,0.062285124654407165,-0.4096392917473606,0.05709981763954797,0.31077201094288265
-0.21203168174104026,0.15486918082384243,-0.1718629386492786,-0.34304348181114763,0.01678114989985413,-1.0143422414185046
-0.17148943596384814,0.06238465622072398,-0.09994181878953434,-0.37307712883917143,0.0634361534952721,-0.6083385402448394
-0.06337691472400597,0.10496190643360798,-0.0885347815267889,0.5294338595873105,-0.12359962810033742,-0.4473699231981114
,,,,,
0.16904041132529213,-0.1339669121663164,0.08559703546408903,0.024832463428280604,-0.09948111777400614,0.4896540527310336
-0.07995894798428116,-0.10035043900383545,0.00309523961993724,-1.2861553204358596,0.45229990572232487,-0.11929368922033312
,,,,,
0.011779667871704813,-0.053171801606236024,-0.01875031571059277,-0.7278335119846948,0.10355744816856494,-0.18415527806902743
,,,,,
,,,,,
,,,,,
,,,,,
0.060414989911568684,-0.05670820360234341,0.010383732912776111,0.23620909974641968,-0.12005733460416435,0.084222212372139
-0.09468006202414658,-0.005278554692918658,-0.02610981011149116,0.38098651737206324,-0.16642340800506294,-0.10799977115993054
0.1289740104739332,-0.19918805326524391,0.09868734505456289,-0.6330444529650503,0.36849563883632297,0.49410490886920355
,,,,,
0.03241687490522449,0.031422742102195644,0.012403376415306422,-0.11359306409528158,-0.11590497510791176,0.05847857478411855
,,,,,
,,,,,
0.01898994165293122,-0.03179497288149202,0.011215902960491797,-0.49626496405922893,-0.003092695707210047,0.010988998163376618
,,,,,
0.09189975669623973,0.04930884853150602,-0.030162106607049932,0.32365154138853014,0.1521772728430133,-0.13715861539805374
0.0003551691204867202,0.20577944810345278,-0.05465315010249977,0.437254385336314,-0.031937183001550906,-0.26440984014741753
,,,,,
,,,,,
,,,,,
-0.022389658531438594,-0.049179314935366425,-0.0046992257865955955,-0.09893213927595301,-0.15322701096436275,-0.037267390477980555
,,,,,
,,,,,
,,,,,
0.008299639732776587,-0.016547392373710057,0.021288120681708933,-0.4289509954455535,-0.20137134432817616,0.07546084685184651
-0.14197704637422626,-0.05470096451833806,-0.005395910218819966,-0.2832949252910406,-0.16214229732025154,-0.06085565185278696
-0.05269157003551872,0.06838953622916982,-0.054660000082377425,1.4562260778858744,-0.2156127376062631,-0.15598478002243166
-0.16994022088563887,0.005251624256097709,0.010026019643718187,-0.21371636888254364,0.015838175448133596,0.03429483956140311
0.19990062356503446,-0.20946022305428547,0.11449470524843308,-0.3503361559104021,0.018499477952640397,0.6141348450027517
,,,,,
-0.24182068565484727,0.19087909504589712,-0.05743565594618594,-0.09326964405924887,-0.39478362410123524,-0.3367125341945325
,,,,,
,,,,,
0.003339975903585146,-0.13908873551817835,0.05753534819807016,-0.40922962744913405,-0.19194176957692655,0.28379140711133344
,,,,,
,,,,,
0.1319212706253422,0.25495074207663876,-0.031489704701348376,0.47982314102944135,0.3267682123549554,-0.12808846124602447
,,,,,
,,,,,
,,,,,
-0.07617892365774415,0.14547110315785716,-0.11340848238617252,0.045199451760105314,-0.19082132843405542,-0.6404348525637538
-0.16567661527844912,0.21021384970164803,-0.16135052597194166,0.1542242732020107,0.22077981237768396,-0.9015996118712448
,,,,,
0.04444574426185122,0.06998092746735735,-0.07108183643930016,0.9012636778764092,-0.23623664098897423,-0.30849080342166335
0.1757981546290197,-0.20155360313832238,0.1310633168619263,-0.9964686869889422,0.3017374419653511,0.6396258884972701
,,,,,
0.02154878556456208,-0.061545026881304477,0.08347284330127991,0.5511900630627793,0.024094736296265684,0.5335962254858511
-0.1454755939641108,0.14225382462672403,-0.12041131081154366,0.43632346545430356,-0.2656805974976775,-0.6386449326309416
0.03519100390551955,-0.04085172717500418,-0.03217241809848276,-0.8643580205920259,0.11168238563281874,-0.27505363571965225
-0.03842882193153152,0.18748157861804338,0.00920130698143834,0.027089219222669048,-0.07904964926828428,0.055235029198060115
-0.08932853947314556,0.06705025841478823,-0.08020980223207413,-0.2568623350650443,0.10817791672712584,-0.48370131081073087
0.022742266245312726,-0.09980910370822926,0.036809635277378794,-0.0372219679798893,0.300514632836282,0.20546911092924525
,,,,,
,,,,,
,,,,,
-0.13818999978213464,-0.02918498581430029,-0.031151124652928353,-0.491305386266109,0.15621233504147725,-0.2295334716373998
0.0430050295453398,-0.18132796506619053,0.08082425849505359,-0.7726266063913668,0.2995238246874109,0.377613767985566
0.019011237567836847,-0.19944317879392748,0.0890701185319287,-0.9922075841557444,0.22293313829286754,0.4011559996333012
,,,,,
-0.10445673728518856,0.2278995531546118,-0.0474967459097399,0.5956460742845946,-0.10753359916686234,-0.2068330003761405
,,,,,
-0.004688141989387606,0.03475059728605928,-0.04104434789904138,-0.4933377545977029,-0.2043604790167053,-0.2860380440080106
,,,,,
,,,,,
0.22731958142691333,-0.24121580452637803,0.13416251794376166,-0.5445523817033779,0.3182415378318588,0.7053630762191374
0.08862248531484385,-0.16738017303269426,0.07171917238370595,-0.7043889325982764,0.14553143765281729,0.333073227602676
,,,,,
-0.4043094957519729,0.8595080232480277,-0.4236465792915961,2.0491193436892328,-0.6031742242102129,-2.1922513881164076
,,,,,
,,,,,
,,,,,
-0.07004785327119667,-0.03335462729941918,-0.02621900820390488,-0.4308506963810217,0.21051865030193473,-0.19503674890546696
,,,,,
0.04504181693376463,-0.09726751252485233,0.02908609578351451,-0.2466383785129873,-0.08722632559810051,0.1392342061595775
,,,,,
0.15771888764419306,-0.10897477741763573,0.03418604878931131,-0.39692643085890844,0.07169934244673926,0.15225342083381088
-0.018187720087705528,-0.1442012416537346,0.05658085046725425,-0.5912514470441375,0.22753113406156922,0.2589854808165657
0.08867632817333881,0.036469030233973854,-0.06425508921984763,0.18675392785048084,0.036834279757260946,-0.34570521577026847
,,,,,
,,,,,
,,,,,
,,,,,
0.09358159358607432,-0.10460214134238732,0.04360509711673144,0.07346138800361768,-0.07912065009335822,0.2559140476441004
,,,,,
,,,,,
0.09442919341856515,-0.1806215617544582,0.0829571287799008,-0.6742752659802833,0.21793747845971978,0.4002178629157491
,,,,,
,,,,,
,,,,,
,,,,,
,,,,,
-0.06572963393094311,0.3158165107994837,-0.05803560961223492,0.5201419390041362,-0.2379367409495916,-0.2748316654817531
,,,,,
-0.10121664223362825,0.14834241121670355,-0.05283100745510061,0.12426205353471587,-0.07651726466878372,-0.2873589658799056
0.10948464258244983,-0.150556401496296,0.06893536425936098,-0.32215147772187724,0.12932896047047449,0.35792165466152115
,,,,,
0.07002945291332408,-0.13555157426574205,0.06452018340050947,-0.0519308463296948,-0.09984508390224378,0.3615646779498105
0.006259625491380816,0.5645242464497486,-0.22403295400590845,1.6036949233259004,-0.45059745318209643,-1.1039476779007058
,,,,,
,,,,,
,,,,,
-0.1271448625782885,0.005173825707118773,-0.04902142127099651,-0.15642787307774886,0.3164352520871979,-0.29556196555313274
,,,,,
,,,,,
,,,,,
,,,,,
,,,,,
,,,,,
,,,,,
,,,,,
-0.28317741763114923,0.41558416532622267,-0.22868366922970662,0.10756374733525043,-0.1911077706469948,-1.2896633556108903
0.2506780334587153,-0.23734135655292687,0.13318136659083535,-0.46896454279372324,0.3179449179132696,0.70782665903462
,,,,,
,,,,,
-0.3216147811082738,0.19723479739952382,-0.12005501122201151,-0.18828661089763288,-0.06597540728364792,-0.7031041086693666
,,,,,
,,,,,
,,,,,
0.030867853290280634,-0.043380411317020084,0.0031597492451713727,0.3554227630877034,-0.19728700013302802,0.05581046460831729
-0.2662347541216732,0.18108816906622327,-0.13671440429198334,-0.5224446207011924,-0.15519920581492286,-0.8334582939958826
,,,,,
,,,,,
,,,,,
,,,,,
,,,,,
0.14532604358966883,0.005164097723391492,-0.010609668942061445,1.2484906592352851,0.04452465259296601,0.07253057865197343
,,,,,
0.051026372555747934,0.05941883350131827,-0.024530551672640344,0.8205660418351652,-0.3739894358424287,-0.05222359511407415
,,,,,
,,,,,
,,,,,
,,,,,
,,,,,
0.12447064710157951,-0.14182390355076535,0.07692436051818596,0.221369244319076,0.1776434541162154,0.46123049525280146
,,,,,
,,,,,
-0.04965503511400382,0.2517155590078232,-0.0907588441974263,0.4381528371072265,-0.26390313992674286,-0.4697402669062076
,,,,,
,,,,,
,,,,,
,,,,,
,,,,,
0.1688554507899569,-0.15518108994534963,0.07259005566723242,-0.3215214288137316,0.21016009659053336,0.3787823616031387
,,,,,
,,,,,
,,,,,
,,,,,
-0.08415923750026966,-0.009251443714524688,-0.012259683043257863,-0.7064081984558246,0.3287048643291536,-0.14494572642606718
,,,,,
0.04845250828551173,-0.07536711673568108,0.041373913210420166,-0.6467254036868504,0.06602041942958758,0.1665595644739235
,,,,,
0.038784435359706215,-0.13690346110263407,0.05445807611314102,-0.4589263235358456,-0.019725043153419386,0.260993091233654
,,,,,
,,,,,
,,,,,
,,,,,
,,,,,
0.014594009903363458,0.1663708662779418,-0.02805817509415559,0.27624876096258943,-0.05318311286268196,-0.13023390878899122
,,,,,
,,,,,
0.08458118082429489,-0.0707976478085206,0.013515784941749431,-0.054612979150762575,0.21336209522988947,0.07108581827441052
,,,,,
,,,,,
0.13118971683139158,-0.15166763049729226,0.0685031486427079,-0.36993678467974966,0.1519795221835114,0.3503760435474721
,,,,,
-0.01283056077041378,-0.0014158123784835386,0.020970917778238674,0.734708006444013,-0.15164509936637127,0.19752131335526446
,,,,,
-0.08163028592878407,0.014765998292331606,-0.07902739810459547,-0.9781230445617204,0.22885727623226204,-0.5537482408740257
-0.1629158257709622,0.15394215308196957,-0.09235130160966937,1.0592644735562822,-0.4184249011415997,-0.4126866938066769
0.15435603566191924,-0.3205418559432195,0.18277387772039122,-1.0487023709627845,-0.08664186214294123,0.9282770201381814
,,,,,
-0.13436922695391584,-0.09161661327190795,0.02958435596947906,-0.06581550500400057,-0.32709346750153956,0.16131671329302844
-0.057411330234764524,0.21207981552071764,-0.13867122233717638,1.0375802740867066,-0.21581856494619656,-0.6785355324779019
,,,,,
0.2075176175531117,-0.05736475262613949,0.15683108468828533,-0.1375361291264452,-0.03388832482228943,0.8776622735869317
,,,,,
,,,,,
,,,,,
0.05672445492820277,-0.09028615620992209,0.03137708744268042,0.03804881555706907,0.04258985566304185,0.18257238983567703
0.1780402988646499,0.0315667731533561,0.09206191420003784,0.7917790828490927,-0.045149558197100315,0.6080737921849466
-0.010855064709703544,-0.09913547849879178,0.04131579207747671,0.14700702225892504,0.04136190080140767,0.25071741001740167
0.29512707222436796,-0.14409056798673026,0.08952010801775323,0.6169338304889387,-0.1596540086178032,0.5750006618968189
0.209014504686434,-0.014794290643672325,0.04334102540728546,0.42824228186768454,-0.15498158240509308,0.29217610190983434
0.07565032849723163,0.3163165884567354,-0.06349972362881579,0.3346398215999902,-0.02134057335647066,-0.3256658517130724
,,,,,
,,,,,
0.031655599395344125,0.0494383244648991,-0.045280408880422784,0.5141884402706254,-0.009189546948328076,-0.20289370937464302
0.07497765462275974,0.03467593321989065,-0.023330199436091492,0.8924189184463349,-0.33392353683418374,-0.037745750118845844
0.019516478259910208,0.0787790610150359,-0.07411062925884337,1.0436145405653103,-0.21709611498775772,-0.3105708674155294
,,,,,
-0.16678242822783562,-0.0022112890172893973,-0.025947190353805383,0.4751910448144365,-0.08266635362475638,-0.09704697063368961
,,,,,
,,,,,
,,,,,
-0.090967290048523,0.13739538830027292,-0.12236190704173816,0.9650492339169736,-0.26584945050866615,-0.5934629939789975
,,,,,
-0.171016781614711,0.29828722992975254,-0.22211925195668192,0.4653171459971668,-0.051165113312678256,-1.2142336926196777
,,,,,
0.19996337278820198,-0.2088212663397947,0.11800376332125162,-0.2035810715878581,-0.03895121649610833,0.6497211809865382
,,,,,
0.01905969475290681,-0.04694671341042311,0.03944472246702102,0.10044996939878414,-0.20455940601146771,0.23511607190337802
,,,,,
,,,,,
,,,,,
-0.2766163546427396,0.3845261549410837,-0.180992490621175,0.9585841289605301,-0.31928144922899615,-0.9277342844247665
-0.09711619476429678,0.19482184546310904,-0.021105840294272704,-0.13054144388760758,0.011343276690505166,-0.13397869744322355
0.030800250407875818,0.04291653075526547,-0.047658950743236894,0.9793985290864506,-0.3083391308761454,-0.16690750066053361
0.1327405093676831,0.12065730311826789,-0.0544531011616341,0.7480825454963271,-0.16073277268829378,-0.23018566766588355
0.09479507206391413,-0.15079434489590537,0.10097950614038209,-0.6364965331499164,0.1724504149814038,0.5067788764703156
,,,,,
,,,,,
,,,,,
,,,,,
,,,,,
,,,,,
-0.08361387960935673,0.1126239939962046,0.010369773028181928,0.13556248010279015,-0.09648709219885854,0.07342949745112648
,,,,,
0.048034717377143266,-0.05950536736458989,0.033244910981200304,0.9920446966373155,-0.3766833845435933,0.2947472217178797
0.2419251046550961,-0.2543561144549501,0.16149369135625924,0.07719998462336508,0.29547895835367033,0.9270480245057109
,,,,,
,,,,,
,,,,,
0.07952357122076437,-0.005555513059715078,0.059451717276696514,-0.19631147453020392,-0.2338189596183069,0.31735872060596204
-0.03824080437254018,-0.17781445797125994,0.08305276304736009,-0.5900069635433929,0.3935856793640862,0.4097318869671689
0.07933625839377834,0.04331669272342514,0.02500360925333478,0.6895838441304492,-0.37120847556645753,0.21566239142532329
,,,,,
,,,,,
,,,,,
,,,,,
-0.06590363262481125,0.33153729197343895,-0.05887668243836952,0.20183587662985758,0.126764345715079,-0.31349897387601544
0.08370878375076907,0.15729523040543564,-0.11210250538995387,1.1730719807958299,0.16534630332982958,-0.5129484587065312
,,,,,
,,,,,
,,,,,
,,,,,
,,,,,
,,,,,
,,,,,
,,,,,
0.13394995248639485,-0.21990908690745503,0.11549256053320844,-0.6144808475226096,0.03980914579408257,0.5916954418161424
-0.022701574728272722,0.04506222876332444,-0.01617265358276887,0.7132314440834142,0.11609375354482987,-0.01609589358417729
,,,,,
,,,,,
,,,,,
,,,,,
,,,,,
0.3053868465596463,-0.1934067002637837,0.13421129885680583,0.8328599121943683,0.4684012106061207,0.8522587187081965
,,,,,
,,,,,
0.03707671278300362,0.07478422120697292,-0.03722750227410104,0.7981932520969142,-0.23376495942557884,-0.1268453131520153
,,,,,
,,,,,
-0.21400041416172688,0.24100402695390383,-0.13112304327486685,0.6662040237580331,-0.32418760469095176,-0.675120596185256
,,,,,
0.14940266904584532,-0.0908813580645722,0.03249127475485447,0.06168264043627958,0.10110912107594905,0.19142733536867107
0.03121231820673842,-0.012251181539343292,-0.008269060863371924,0.09314324118736805,-0.2005388667237129,-0.03713284871245426
-0.0033039830737605635,0.026326592194881315,-0.061470302974677926,-0.0032034430909542166,-0.00319901917467047,-0.3500809012324546
,,,,,
0.08181966812856922,0.07317613807400436,-0.06152112515423869,1.3429554166533666,-0.21099611032111887,-0.2070787173079638
,,,,,
,,,,,
0.0065320198002454255,-0.1195882910059175,0.056024901617676925,0.09660742318896332,0.09084614737173857,0.32904122990057605
0.3877032461646557,-0.38508378479760685,0.23597389824563753,-0.959598984993716,0.2605296663922869,1.2404471123656453
,,,,,
,,,,,
-0.027002299301286503,0.012854928256716636,-0.03632283640533296,0.5291292760474426,-0.11803930378176586,-0.15033855579106303
,,,,,
,,,,,
,,,,,
,,,,,
0.16742708406922968,-0.011435540210107287,0.07867536979386258,0.33775000931086985,-0.036857691357712774,0.4835810981278508
-0.06301353419525368,0.0042012335000159995,-0.02840815665392238,0.5696724237378958,-0.25805495278878876,-0.10099179096079425
,,,,,
